video_id,youtube_id,label,benchmark,domain,sub_category,duration_type,total_sec,total_frames,full_mu,full_sigma,full_peak_count,full_autocorr,s1_mu,s1_sigma,s1_peak_count,s1_autocorr,s1_mu_diff,s1_sigma_diff,s2_mu,s2_sigma,s2_peak_count,s2_autocorr,s2_mu_diff,s2_sigma_diff,s3_mu,s3_sigma,s3_peak_count,s3_autocorr,s3_mu_diff,s3_sigma_diff,status,error_msg,processed_at
1,fFjv93ACGo8,knowledge_humanity_history_short,video_mme,Knowledge,Humanity & History,short,74.0,74.0,0.890068,0.149149,12.3288,-0.092626,0.883788,0.155198,13.2203,-0.123844,-0.00628,0.006049,0.917577,0.138908,7.2727,-0.14378,0.027509,-0.010241,0.89268,0.153998,11.7857,-0.184413,0.002612,0.004849,success,,2026-04-16 04:29:48
2,N1cdUjctpG8,knowledge_humanity_history_short,video_mme,Knowledge,Humanity & History,short,86.0,86.0,0.979313,0.077166,4.2353,-0.074759,0.976427,0.080225,5.0847,-0.08841,-0.002886,0.003059,0.976596,0.086532,4.0,0.26281,-0.002717,0.009366,0.970312,0.091227,6.1017,-0.10832,-0.009001,0.014061,success,,2026-04-16 04:30:03
3,HIjX8OPuf-w,knowledge_humanity_history_short,video_mme,Knowledge,Humanity & History,short,113.0,113.0,0.894886,0.093775,9.1071,0.165114,0.877104,0.079975,12.2034,0.231128,-0.017782,-0.0138,0.907224,0.080968,8.1356,0.375783,0.012338,-0.012807,0.893062,0.082824,12.2034,0.308212,-0.001824,-0.010951,success,,2026-04-16 04:30:22
21,TbaCxIJ_VP4,knowledge_biology_medicine_short,video_mme,Knowledge,Biology & Medicine,short,83.0,83.0,0.868698,0.154006,8.0488,0.081937,0.868104,0.143696,8.1356,0.087824,-0.000594,-0.01031,0.856236,0.179231,8.5714,-0.018702,-0.012462,0.025225,0.867818,0.145304,8.1356,0.178696,-0.00088,-0.008702,success,,2026-04-16 04:30:37
22,n3IYmdy6d4Y,knowledge_biology_medicine_short,video_mme,Knowledge,Biology & Medicine,short,94.0,94.0,0.787372,0.15528,10.9677,0.002307,0.791819,0.158677,11.1864,-0.15784,0.004447,0.003397,0.77708,0.151889,12.4528,0.287446,-0.010292,-0.003391,0.787364,0.158627,11.1864,-0.106574,-8e-06,0.003347,success,,2026-04-16 04:30:54
23,iZYLeIJwe4w,knowledge_biology_medicine_short,video_mme,Knowledge,Biology & Medicine,short,88.0,88.0,0.896994,0.122607,9.6552,-0.018975,0.905184,0.119662,9.1525,-0.038332,0.00819,-0.002945,0.876767,0.134049,11.4894,-0.008723,-0.020227,0.011442,0.898818,0.125054,10.1695,-0.056309,0.001824,0.002447,success,,2026-04-16 04:31:16
81,FjS2LzrHEO8,knowledge_technology_short,video_mme,Knowledge,Technology,short,60.0,60.0,0.750652,0.127116,11.1864,0.063953,0.750652,0.127116,11.1864,0.063953,0.0,0.0,0.733404,0.120465,6.3158,0.078943,-0.017248,-0.006651,0.731625,0.116264,12.2449,-0.009452,-0.019027,-0.010852,success,,2026-04-16 04:31:25
82,m4qhFFdHTCc,knowledge_technology_short,video_mme,Knowledge,Technology,short,17.0,17.0,0.901825,0.085061,3.75,-0.032031,0.901825,0.085061,3.75,-0.032031,0.0,0.0,0.901825,0.085061,3.75,-0.032031,0.0,0.0,0.901825,0.085061,3.75,-0.032031,0.0,0.0,success,,2026-04-16 04:31:31
41,yl5ZXQmrtP0,knowledge_astronomy_short,video_mme,Knowledge,Astronomy,short,71.0,71.0,0.877141,0.131247,12.8571,-0.03225,0.878839,0.128922,12.2034,0.005415,0.001698,-0.002325,0.838876,0.162031,12.0,-0.075789,-0.038265,0.030784,0.878034,0.130883,12.2222,0.036363,0.000893,-0.000364,success,,2026-04-16 04:31:51
42,kRlhlCWplqk,knowledge_astronomy_short,video_mme,Knowledge,Astronomy,short,110.0,110.0,0.928435,0.077831,9.3578,-0.042721,0.92552,0.07633,10.1695,-0.034206,-0.002915,-0.001501,0.928423,0.071327,12.2034,-0.094725,-1.2e-05,-0.006504,0.920063,0.070067,10.1695,0.034702,-0.008372,-0.007764,success,,2026-04-16 04:32:10
43,9jjTGpWmc5U,knowledge_astronomy_short,video_mme,Knowledge,Astronomy,short,113.0,113.0,0.858377,0.103685,9.1071,-0.101439,0.866572,0.092946,10.1695,0.026248,0.008195,-0.010739,0.875078,0.094913,9.1525,-0.12752,0.016701,-0.008772,0.855252,0.109736,10.1695,-0.204944,-0.003125,0.006051,success,,2026-04-16 04:32:34
85,hUrjmA0fhsc,knowledge_technology_short,video_mme,Knowledge,Technology,short,88.0,88.0,0.858884,0.147872,11.7241,-0.363436,0.862558,0.144804,14.2373,-0.424625,0.003674,-0.003068,0.832069,0.158511,12.766,-0.400456,-0.026815,0.010639,0.854599,0.151092,12.2034,-0.383017,-0.004285,0.00322,success,,2026-04-16 04:36:48
221,c9oXTCVcTSE,life_record_handicraft_short,video_mme,Life Record,Handicraft,short,59.0,59.0,0.817604,0.140537,12.4138,-0.234509,0.817604,0.140537,12.4138,-0.234509,0.0,0.0,0.785144,0.167283,12.6316,-0.455537,-0.03246,0.026746,0.83544,0.129796,11.25,-0.336728,0.017836,-0.010741,success,,2026-04-16 04:58:21
222,FlcVBKTSjRs,life_record_handicraft_short,video_mme,Life Record,Handicraft,short,52.0,52.0,0.887236,0.134148,7.0588,0.417314,0.887236,0.134148,7.0588,0.417314,0.0,0.0,0.847728,0.133582,9.4737,0.305451,-0.039508,-0.000566,0.872191,0.135827,8.0,0.354432,-0.015045,0.001679,success,,2026-04-16 04:58:35
223,OCTekmo_szs,life_record_handicraft_short,video_mme,Life Record,Handicraft,short,58.0,58.0,0.842077,0.140317,11.5789,0.214053,0.842077,0.140317,11.5789,0.214053,0.0,0.0,0.813326,0.144817,9.4737,0.142055,-0.028751,0.0045,0.822924,0.128622,11.25,0.075248,-0.019153,-0.011695,success,,2026-04-16 04:58:51
231,KfTtpoIovuk,life_record_food_short,video_mme,Life Record,Food,short,27.0,27.0,0.748889,0.154543,13.8462,-0.256957,0.748889,0.154543,13.8462,-0.256957,0.0,0.0,0.748703,0.137253,15.7895,-0.189162,-0.000186,-0.01729,0.748889,0.154543,13.8462,-0.256957,0.0,0.0,success,,2026-04-16 04:58:58
232,zPx3EibuO_w,life_record_food_short,video_mme,Life Record,Food,short,47.0,47.0,0.812817,0.098755,7.8261,0.188576,0.812817,0.098755,7.8261,0.188576,0.0,0.0,0.806833,0.111092,9.4737,0.312962,-0.005984,0.012337,0.817911,0.097647,8.5714,0.298587,0.005094,-0.001108,success,,2026-04-16 04:59:09
233,J2rlJV7zKZw,life_record_food_short,video_mme,Life Record,Food,short,51.0,51.0,0.878984,0.118987,13.2,0.002938,0.878984,0.118987,13.2,0.002938,0.0,0.0,0.861196,0.095279,15.7895,0.183713,-0.017788,-0.023708,0.872792,0.110141,13.6364,0.038536,-0.006192,-0.008846,success,,2026-04-16 04:59:21
261,aWBRHk_-5as,life_record_travel_short,video_mme,Life Record,Travel,short,30.0,30.0,0.751911,0.150289,14.4828,0.129087,0.751911,0.150289,14.4828,0.129087,0.0,0.0,0.787933,0.15167,15.7895,0.051847,0.036022,0.001381,0.751911,0.150289,14.4828,0.129087,0.0,0.0,success,,2026-04-16 04:59:30
262,PaC3CEkCD6k,life_record_travel_short,video_mme,Life Record,Travel,short,46.0,46.0,0.751013,0.20339,12.0,0.026393,0.751013,0.20339,12.0,0.026393,0.0,0.0,0.778127,0.187712,12.6316,-0.203817,0.027114,-0.015678,0.734063,0.200175,11.4286,-0.084684,-0.01695,-0.003215,success,,2026-04-16 04:59:41
263,AyIqI6P8eN8,life_record_travel_short,video_mme,Life Record,Travel,short,58.0,58.0,0.813432,0.117441,15.7895,-0.399378,0.813432,0.117441,15.7895,-0.399378,0.0,0.0,0.804402,0.127543,12.6316,-0.272876,-0.00903,0.010102,0.808487,0.112506,15.0,-0.332926,-0.004945,-0.004935,success,,2026-04-16 04:59:55
251,1sTQOxXFO44,life_record_daily_life_short,video_mme,Life Record,Daily Life,short,81.0,81.0,0.821253,0.103124,10.5,-0.025915,0.815793,0.105381,10.1695,0.016511,-0.00546,0.002257,0.825235,0.119138,10.5,-0.072439,0.003982,0.016014,0.815793,0.105381,10.1695,0.016511,-0.00546,0.002257,success,,2026-04-16 05:00:08
252,RP1AL2DU6vQ,life_record_daily_life_short,video_mme,Life Record,Daily Life,short,108.0,108.0,0.882005,0.122034,8.972,-0.004738,0.865771,0.134467,9.1525,-0.06407,-0.016234,0.012433,0.88168,0.136474,7.1186,-0.039303,-0.000325,0.01444,0.886307,0.133378,6.1017,-0.060074,0.004302,0.011344,success,,2026-04-16 05:00:33
253,kePBvNotYy4,life_record_daily_life_short,video_mme,Life Record,Daily Life,short,119.0,119.0,0.897647,0.103443,12.7119,-0.199368,0.891653,0.103038,13.2203,-0.197847,-0.005994,-0.000405,0.888173,0.111782,12.2034,-0.193673,-0.009474,0.008339,0.88949,0.105318,11.1864,-0.209957,-0.008157,0.001875,success,,2026-04-16 05:00:47
91,_aVHf_jmWk8,film_television_animation_short,video_mme,Film & Television,Animation,short,44.0,44.0,0.742106,0.157149,9.7674,-0.025442,0.742106,0.157149,9.7674,-0.025442,0.0,0.0,0.753646,0.155067,12.6316,0.205664,0.01154,-0.002082,0.739529,0.153918,10.2439,0.05957,-0.002577,-0.003231,success,,2026-04-16 05:02:15
92,3rTsETO3s9U,film_television_animation_short,video_mme,Film & Television,Animation,short,43.0,43.0,0.87169,0.127333,8.5714,-0.183905,0.87169,0.127333,8.5714,-0.183905,0.0,0.0,0.870255,0.130599,6.3158,-0.27303,-0.001435,0.003266,0.879115,0.12099,9.0,-0.199331,0.007425,-0.006343,success,,2026-04-16 05:02:26
93,drbi6HK1gSc,film_television_animation_short,video_mme,Film & Television,Animation,short,82.0,82.0,0.878131,0.131808,7.4074,0.003643,0.862119,0.124336,7.1186,0.039761,-0.016012,-0.007472,0.879593,0.154677,8.7805,-0.152511,0.001462,0.022869,0.860806,0.124924,7.1186,0.017905,-0.017325,-0.006884,success,,2026-04-16 05:02:39
101,tiMaUSvlzIU,film_television_movie_tv_show_short,video_mme,Film & Television,Movie & TV Show,short,46.0,46.0,0.866615,0.124479,13.3333,-0.406708,0.866615,0.124479,13.3333,-0.406708,0.0,0.0,0.853849,0.134366,9.4737,-0.462685,-0.012766,0.009887,0.863744,0.12764,14.2857,-0.413259,-0.002871,0.003161,success,,2026-04-16 05:02:53
103,G267g0DpCVg,film_television_movie_tv_show_short,video_mme,Film & Television,Movie & TV Show,short,60.0,60.0,0.860757,0.091992,11.1864,-0.078489,0.860757,0.091992,11.1864,-0.078489,0.0,0.0,0.84964,0.090353,15.7895,0.095252,-0.011117,-0.001639,0.86118,0.082296,12.2449,-0.065965,0.000423,-0.009696,success,,2026-04-16 05:03:07
111,HmnKbBmYii8,film_television_documentary_short,video_mme,Film & Television,Documentary,short,65.0,65.0,0.928845,0.089823,6.5625,0.220115,0.924321,0.092016,7.1186,0.231842,-0.004524,0.002193,0.92,0.130916,7.5,-0.063213,-0.008845,0.041093,0.935951,0.080826,5.8824,0.109763,0.007106,-0.008997,success,,2026-04-16 05:03:20
112,MPfuSfiZ96A,film_television_documentary_short,video_mme,Film & Television,Documentary,short,77.0,77.0,0.833469,0.124718,11.8421,-0.282882,0.824696,0.125271,12.2034,-0.378084,-0.008773,0.000553,0.821953,0.140797,15.0,-0.064596,-0.011516,0.016079,0.826251,0.126977,12.6316,-0.372095,-0.007218,0.002259,success,,2026-04-16 05:03:35
113,HqAfzcJurMM,film_television_documentary_short,video_mme,Film & Television,Documentary,short,107.0,107.0,0.886904,0.124943,7.3585,-0.120669,0.879989,0.128114,7.1186,-0.182545,-0.006915,0.003171,0.880564,0.138104,7.1186,-0.003641,-0.00634,0.013161,0.874456,0.131528,8.1356,-0.063345,-0.012448,0.006585,success,,2026-04-16 05:03:55
121,43wqf_KhiUo,film_television_news_report_short,video_mme,Film & Television,News Report,short,116.0,116.0,0.939037,0.080469,5.7391,-0.074909,0.936615,0.090336,7.1186,-0.161171,-0.002422,0.009867,0.936588,0.096655,9.1525,-0.125775,-0.002449,0.016186,0.933085,0.100133,8.1356,-0.17564,-0.005952,0.019664,success,,2026-04-16 05:04:18
122,Z-rHofd6g2Q,film_television_news_report_short,video_mme,Film & Television,News Report,short,66.0,66.0,0.956614,0.05012,6.4615,0.179074,0.95398,0.051842,7.1186,0.155505,-0.002634,0.001722,0.947841,0.060463,9.6,-0.140166,-0.008773,0.010343,0.952186,0.050792,6.9231,0.199982,-0.004428,0.000672,success,,2026-04-16 05:04:35
123,lmlw4NNZBbw,film_television_news_report_short,video_mme,Film & Television,News Report,short,117.0,117.0,0.962003,0.066812,6.2069,0.025444,0.956246,0.078819,6.1017,0.072082,-0.005757,0.012007,0.958023,0.073558,7.1186,-0.117835,-0.00398,0.006746,0.965271,0.065866,5.0847,-0.017717,0.003268,-0.000946,success,,2026-04-16 05:04:54
104,TIK01MpwWGg,film_television_movie_tv_show_short,video_mme,Film & Television,Movie & TV Show,short,292.0,292.0,0.920056,0.083365,8.2474,0.117691,0.916454,0.096204,9.1525,0.133544,-0.003602,0.012839,0.907267,0.107523,6.1017,0.277049,-0.012789,0.024158,0.90526,0.095364,10.1695,0.204011,-0.014796,0.011999,success,,2026-04-16 05:07:20
301,dphq5X-rMew,knowledge_humanity_history_medium,video_mme,Knowledge,Humanity & History,medium,414.0,414.0,0.874908,0.160982,10.46,-0.158916,0.848323,0.161174,10.1695,-0.244049,-0.026585,0.000192,0.871761,0.166978,9.1525,-0.194117,-0.003147,0.005996,0.883823,0.151907,7.1186,-0.151714,0.008915,-0.009075,success,,2026-04-16 05:08:52
302,K64wRD8eaus,knowledge_humanity_history_medium,video_mme,Knowledge,Humanity & History,medium,505.0,505.0,0.875731,0.164294,10.3571,-0.2074,0.85293,0.165602,11.1864,-0.360063,-0.022801,0.001308,0.831442,0.183116,12.2034,-0.427149,-0.044289,0.018822,0.880814,0.153626,11.1864,-0.312051,0.005083,-0.010668,success,,2026-04-16 05:09:40
303,kSBB5PsRV-k,knowledge_humanity_history_medium,video_mme,Knowledge,Humanity & History,medium,285.0,285.0,0.905334,0.116982,8.662,-0.013888,0.892329,0.122746,12.2034,0.132672,-0.013005,0.005764,0.875272,0.134756,12.2034,0.112226,-0.030062,0.017774,0.885946,0.13608,9.1525,0.058846,-0.019388,0.019098,success,,2026-04-16 05:10:10
321,7Hk9jct2ozY,knowledge_biology_medicine_medium,video_mme,Knowledge,Biology & Medicine,medium,439.0,439.0,0.937741,0.069406,5.8904,0.13241,0.94204,0.060763,7.1186,0.060328,0.004299,-0.008643,0.936398,0.054764,7.1186,0.15878,-0.001343,-0.014642,0.952813,0.042786,7.1186,0.007397,0.015072,-0.02662,success,,2026-04-16 05:11:12
322,UZTf3OXJDWA,knowledge_biology_medicine_medium,video_mme,Knowledge,Biology & Medicine,medium,844.0,844.0,0.929101,0.062783,7.8292,0.354821,0.890571,0.084888,10.1695,0.17193,-0.03853,0.022105,0.90421,0.085426,8.1356,-0.020126,-0.024891,0.022643,0.91875,0.078561,5.0847,-0.069505,-0.010351,0.015778,success,,2026-04-16 05:12:31
323,URUJD5NEXC8,knowledge_biology_medicine_medium,video_mme,Knowledge,Biology & Medicine,medium,441.0,441.0,0.923936,0.093808,7.9091,0.208106,0.917728,0.095157,10.1695,0.140111,-0.006208,0.001349,0.91513,0.111592,8.1356,0.182572,-0.008806,0.017784,0.90969,0.106559,10.1695,0.148945,-0.014246,0.012751,success,,2026-04-16 05:13:21
381,GWNzRtKzIRA,knowledge_technology_medium,video_mme,Knowledge,Technology,medium,338.0,338.0,0.909218,0.146928,8.1899,-0.067645,0.869435,0.169735,9.1525,-0.013048,-0.039783,0.022807,0.89138,0.142346,10.1695,-0.201592,-0.017838,-0.004582,0.911439,0.11383,9.1525,-0.059455,0.002221,-0.033098,success,,2026-04-16 05:13:53
382,6DAFkaGUiT4,knowledge_technology_medium,video_mme,Knowledge,Technology,medium,396.0,396.0,0.86342,0.153576,10.6329,-0.012742,0.771748,0.167312,12.2034,-0.075099,-0.091672,0.013736,0.860661,0.149377,11.1864,0.445606,-0.002759,-0.004199,0.816018,0.160219,11.1864,0.24853,-0.047402,0.006643,success,,2026-04-16 05:14:31
383,e3fz3dqhN44,knowledge_technology_medium,video_mme,Knowledge,Technology,medium,1020.0,1020.0,0.828004,0.16535,10.9519,0.138311,0.737774,0.220832,14.2373,0.281854,-0.09023,0.055482,0.738953,0.179876,12.2034,0.131295,-0.089051,0.014526,0.827728,0.15468,9.1525,0.021156,-0.000276,-0.01067,success,,2026-04-16 05:15:52
341,tBVUTFPate0,knowledge_astronomy_medium,video_mme,Knowledge,Astronomy,medium,521.0,521.0,0.923579,0.048434,7.0385,0.347683,0.922575,0.076974,5.0847,-0.013689,-0.001004,0.02854,0.895215,0.08554,8.1356,0.257345,-0.028364,0.037106,0.932789,0.0737,3.0508,-0.091422,0.00921,0.025266,success,,2026-04-16 05:17:12
343,sf4qRY3h_eo,knowledge_astronomy_medium,video_mme,Knowledge,Astronomy,medium,881.0,881.0,0.972176,0.057638,3.2045,0.097911,0.949109,0.104962,3.0508,0.065708,-0.023067,0.047324,0.960711,0.101513,3.0508,-0.046087,-0.011465,0.043875,0.956841,0.102378,2.0339,-0.000674,-0.015335,0.04474,success,,2026-04-16 05:18:22
344,GQEYGAJIzAM,knowledge_astronomy_medium,video_mme,Knowledge,Astronomy,medium,664.0,664.0,0.840513,0.173765,11.8552,-0.124973,0.78648,0.177187,13.2203,-0.268404,-0.054033,0.003422,0.818591,0.143395,11.1864,0.07961,-0.021922,-0.03037,0.839594,0.162362,12.2034,-0.107534,-0.000919,-0.011403,success,,2026-04-16 05:21:37
521,qJGqZ_g__So,life_record_handicraft_medium,video_mme,Life Record,Handicraft,medium,713.0,713.0,0.946055,0.079481,4.8034,0.239082,0.891674,0.148317,10.1695,-0.054328,-0.054381,0.068836,0.893674,0.13125,8.1356,-0.042601,-0.052381,0.051769,0.935095,0.100904,4.0678,-0.025263,-0.01096,0.021423,success,,2026-04-16 05:23:26
522,0ag_Qi5OEd0,life_record_handicraft_medium,video_mme,Life Record,Handicraft,medium,488.0,488.0,0.921609,0.044203,7.1458,0.403709,0.901737,0.073497,6.1017,0.426038,-0.019872,0.029294,0.894793,0.068552,5.0847,0.396512,-0.026816,0.024349,0.901312,0.07733,7.1186,0.444814,-0.020297,0.033127,success,,2026-04-16 05:24:13
523,aAxGTnVNJiE,life_record_handicraft_medium,video_mme,Life Record,Handicraft,medium,515.0,515.0,0.955337,0.042627,5.7198,0.371369,0.920028,0.087769,9.1525,0.218173,-0.035309,0.045142,0.948505,0.069988,3.0508,0.186855,-0.006832,0.027361,0.959662,0.064334,3.0508,0.233683,0.004325,0.021707,success,,2026-04-16 05:25:05
533,5xi1iD4fkhc,life_record_food_medium,video_mme,Life Record,Food,medium,382.0,382.0,0.91713,0.099056,8.189,0.182047,0.885859,0.115963,10.1695,0.026446,-0.031271,0.016907,0.892455,0.124347,10.1695,0.006498,-0.024675,0.025291,0.862383,0.129951,12.2034,0.111752,-0.054747,0.030895,success,,2026-04-16 05:25:46
561,A30IuIjQYYg,life_record_travel_medium,video_mme,Life Record,Travel,medium,250.0,250.0,0.819778,0.116556,9.1566,0.142222,0.839116,0.100537,11.1864,0.29058,0.019338,-0.016019,0.835447,0.107165,11.1864,0.176324,0.015669,-0.009391,0.83356,0.102683,11.1864,0.201399,0.013782,-0.013873,success,,2026-04-16 05:26:19
562,nhpAc7lUgis,life_record_travel_medium,video_mme,Life Record,Travel,medium,295.0,295.0,0.871501,0.121811,8.3673,0.121312,0.875282,0.112715,10.1695,0.515494,0.003781,-0.009096,0.852076,0.144081,9.1525,0.170395,-0.019425,0.02227,0.876975,0.129909,8.1356,0.322543,0.005474,0.008098,success,,2026-04-16 05:27:00
551,yfbeNtST6Fs,life_record_daily_life_medium,video_mme,Life Record,Daily Life,medium,767.0,767.0,0.881321,0.113011,8.2245,-0.052468,0.869428,0.127891,12.2034,0.03826,-0.011893,0.01488,0.855502,0.117434,12.2034,-0.040773,-0.025819,0.004423,0.851543,0.124245,13.2203,-0.171707,-0.029778,0.011234,success,,2026-04-16 05:28:16
552,3m29MQ-qPfg,life_record_daily_life_medium,video_mme,Life Record,Daily Life,medium,614.0,614.0,0.862239,0.114802,8.8091,0.225579,0.850984,0.11611,9.1525,0.047733,-0.011255,0.001308,0.827527,0.107339,9.1525,-0.29965,-0.034712,-0.007463,0.838064,0.127378,8.1356,0.024068,-0.024175,0.012576,success,,2026-04-16 05:29:24
553,tCRpDpDgBcE,life_record_daily_life_medium,video_mme,Life Record,Daily Life,medium,547.0,547.0,0.858511,0.101619,10.4396,0.180257,0.862563,0.087578,12.2034,0.127718,0.004052,-0.014041,0.85703,0.092138,11.1864,0.244802,-0.001481,-0.009481,0.85663,0.104114,11.1864,0.228587,-0.001881,0.002495,success,,2026-04-16 05:30:28
534,ZBKUqc_ICpg,life_record_food_medium,video_mme,Life Record,Food,medium,459.0,459.0,0.887567,0.112398,7.4672,-0.061322,0.83566,0.148525,12.2034,-0.052896,-0.051907,0.036127,0.854547,0.132465,10.1695,-0.007559,-0.03302,0.020067,0.857335,0.132081,11.1864,0.046229,-0.030232,0.019683,success,,2026-04-16 05:33:25
535,ooqdg9Wr-mo,life_record_food_medium,video_mme,Life Record,Food,medium,485.0,485.0,0.766611,0.148865,11.7769,0.093828,0.771875,0.098784,8.1356,-0.028166,0.005264,-0.050081,0.752438,0.144962,11.1864,-0.090494,-0.014173,-0.003903,0.803269,0.122569,13.2203,0.218919,0.036658,-0.026296,success,,2026-04-16 05:34:30
564,tPQX0lMk6U0,life_record_travel_medium,video_mme,Life Record,Travel,medium,478.0,478.0,0.904788,0.132097,10.1887,0.097481,0.882763,0.125646,12.2034,-0.16036,-0.022025,-0.006451,0.898703,0.136097,11.1864,-0.240841,-0.006085,0.004,0.899749,0.125535,9.1525,0.150545,-0.005039,-0.006562,success,,2026-04-16 06:15:06
391,jIzGzPzdLwM,film_television_animation_medium,video_mme,Film & Television,Animation,medium,677.0,677.0,0.881697,0.092582,10.9172,0.08649,0.898788,0.087029,9.1525,0.056451,0.017091,-0.005553,0.914303,0.080907,10.1695,0.080784,0.032606,-0.011675,0.896691,0.090227,7.1186,0.01515,0.014994,-0.002355,success,,2026-04-16 06:19:05
392,edAu5_O4C54,film_television_animation_medium,video_mme,Film & Television,Animation,medium,330.0,330.0,0.850105,0.086082,11.307,0.185642,0.846915,0.077722,9.1525,0.016937,-0.00319,-0.00836,0.84928,0.083896,10.1695,0.104708,-0.000825,-0.002186,0.827451,0.093945,8.1356,0.153616,-0.022654,0.007863,success,,2026-04-16 06:19:44
393,dcYgBU4t98E,film_television_animation_medium,video_mme,Film & Television,Animation,medium,411.0,411.0,0.895579,0.072147,9.6585,0.20082,0.916397,0.061643,10.1695,0.290142,0.020818,-0.010504,0.892704,0.061061,10.1695,0.474711,-0.002875,-0.011086,0.898285,0.065536,12.2034,0.171516,0.002706,-0.006611,success,,2026-04-16 06:20:27
402,44G3dPME330,film_television_movie_tv_show_medium,video_mme,Film & Television,Movie & TV Show,medium,482.0,482.0,0.908219,0.098231,11.3514,0.00114,0.895223,0.126064,10.1695,-0.277802,-0.012996,0.027833,0.906892,0.121682,10.1695,-0.07841,-0.001327,0.023451,0.921339,0.101822,5.0847,-0.157237,0.01312,0.003591,success,,2026-04-16 06:21:04
403,iC54QQSe4_I,film_television_movie_tv_show_medium,video_mme,Film & Television,Movie & TV Show,medium,255.0,255.0,0.885718,0.095781,12.9921,-0.175278,0.875163,0.092561,15.2542,-0.037158,-0.010555,-0.00322,0.891598,0.092048,13.2203,-0.154466,0.00588,-0.003733,0.885413,0.090822,12.2034,0.002806,-0.000305,-0.004959,success,,2026-04-16 06:21:30
411,K759eXmaMTY,film_television_documentary_medium,video_mme,Film & Television,Documentary,medium,745.0,745.0,0.889079,0.129565,9.5968,-0.133281,0.889241,0.139743,7.1186,-0.156988,0.000162,0.010178,0.879956,0.12801,12.2034,-0.061071,-0.009123,-0.001555,0.882436,0.153499,12.2034,-0.118181,-0.006643,0.023934,success,,2026-04-16 06:22:35
412,xr_nln2ZQw8,film_television_documentary_medium,video_mme,Film & Television,Documentary,medium,745.0,745.0,0.861098,0.119932,11.4516,-0.034899,0.849135,0.140457,11.1864,-0.223513,-0.011963,0.020525,0.849918,0.113074,11.1864,-0.05308,-0.01118,-0.006858,0.843363,0.127476,13.2203,-0.09841,-0.017735,0.007544,success,,2026-04-16 06:23:36
413,tXb_zrHp4H8,film_television_documentary_medium,video_mme,Film & Television,Documentary,medium,745.0,745.0,0.9126,0.100714,6.2903,0.085406,0.83126,0.156555,13.2203,-0.070366,-0.08134,0.055841,0.875283,0.135268,7.1186,-0.091509,-0.037317,0.034554,0.896946,0.149491,7.1186,-0.004345,-0.015654,0.048777,success,,2026-04-16 06:24:36
421,9SEMSQDO-pg,film_television_news_report_medium,video_mme,Film & Television,News Report,medium,402.0,402.0,0.957744,0.070062,7.182,0.249061,0.933051,0.096947,11.1864,0.223661,-0.024693,0.026885,0.960915,0.062388,7.1186,-0.030318,0.003171,-0.007674,0.963287,0.068968,6.1017,0.132974,0.005543,-0.001094,success,,2026-04-16 06:25:11
422,FkZn5u3MIiY,film_television_news_report_medium,video_mme,Film & Television,News Report,medium,695.0,695.0,0.962994,0.05288,5.7925,0.159765,0.970538,0.072548,3.0508,0.169899,0.007544,0.019668,0.972299,0.071625,3.0508,0.178265,0.009305,0.018745,0.936462,0.109167,6.1017,0.056783,-0.026532,0.056287,success,,2026-04-16 06:26:07
423,S6hF2ffyz2c,film_television_news_report_medium,video_mme,Film & Television,News Report,medium,302.0,302.0,0.93996,0.073838,7.1761,0.277423,0.915907,0.106395,8.1356,0.010873,-0.024053,0.032557,0.93171,0.093576,8.1356,0.198138,-0.00825,0.019738,0.942222,0.078267,6.1017,0.058094,0.002262,0.004429,success,,2026-04-16 06:26:41
601,TGom0uiW130,knowledge_humanity_history_long,video_mme,Knowledge,Humanity & History,long,3169.0,3169.0,0.875348,0.148063,9.4697,-0.088175,0.753978,0.171393,11.1864,-0.115344,-0.12137,0.02333,0.790486,0.167808,11.1864,0.108792,-0.084862,0.019745,0.856623,0.125102,10.1695,0.195817,-0.018725,-0.022961,success,,2026-04-16 06:35:00
602,w0Wmc8C0Eq0,knowledge_humanity_history_long,video_mme,Knowledge,Humanity & History,long,2819.0,2819.0,0.946983,0.079238,6.4727,0.299508,0.935927,0.095862,6.1017,0.212227,-0.011056,0.016624,0.944913,0.093193,5.0847,0.299277,-0.00207,0.013955,0.935658,0.103565,7.1186,0.19503,-0.011325,0.024327,success,,2026-04-16 06:38:26
603,7D-gxaie6UI,knowledge_humanity_history_long,video_mme,Knowledge,Humanity & History,long,2996.0,2996.0,0.906662,0.137653,7.6327,-0.00988,0.853017,0.151663,10.1695,-0.078718,-0.053645,0.01401,0.884869,0.155762,7.1186,-0.090783,-0.021793,0.018109,0.856797,0.153696,7.1186,-0.128471,-0.049865,0.016043,success,,2026-04-16 06:41:11
622,K3ksKkCOgTw,knowledge_biology_medicine_long,video_mme,Knowledge,Biology & Medicine,long,2519.0,2519.0,0.88893,0.138538,9.4361,0.069966,0.819019,0.162611,11.1864,-0.100055,-0.069911,0.024073,0.824664,0.162381,10.1695,-0.003851,-0.064266,0.023843,0.817747,0.170776,10.1695,-0.209437,-0.071183,0.032238,success,,2026-04-16 06:44:23
623,gfikT_O4v9A,knowledge_biology_medicine_long,video_mme,Knowledge,Biology & Medicine,long,2667.0,2667.0,0.984754,0.039895,2.1605,0.089257,0.935225,0.109336,5.0847,0.062405,-0.049529,0.069441,0.931684,0.137407,6.1017,-0.061161,-0.05307,0.097512,0.95409,0.091633,5.0847,0.073769,-0.030664,0.051738,success,,2026-04-16 06:46:59
681,AF8d72mA41M,knowledge_technology_long,video_mme,Knowledge,Technology,long,2024.0,2024.0,0.901025,0.134311,8.3638,0.091237,0.838581,0.149387,14.2373,-0.109103,-0.062444,0.015076,0.846612,0.171547,10.1695,-0.052686,-0.054413,0.037236,0.907471,0.131111,8.1356,0.175104,0.006446,-0.0032,success,,2026-04-16 06:49:09
682,eKVTFXQPAhs,knowledge_technology_long,video_mme,Knowledge,Technology,long,2628.0,2628.0,0.914137,0.115875,5.6643,-0.027241,0.898438,0.132525,4.0678,-0.164957,-0.015699,0.01665,0.860182,0.156813,10.1695,-0.174269,-0.053955,0.040938,0.890256,0.115504,5.0847,-0.015133,-0.023881,-0.000371,success,,2026-04-16 06:51:46
683,U9mJuUkhUzk,knowledge_technology_long,video_mme,Knowledge,Technology,long,2735.0,2735.0,0.946682,0.082501,5.4865,0.063372,0.921082,0.099925,7.1186,-0.166583,-0.0256,0.017424,0.927341,0.129296,7.1186,-0.003653,-0.019341,0.046795,0.949998,0.104544,5.0847,0.081574,0.003316,0.022043,success,,2026-04-16 06:54:14
641,rD5oDjk3IOU,knowledge_astronomy_long,video_mme,Knowledge,Astronomy,long,2766.0,2766.0,0.897621,0.116782,8.6148,0.098812,0.870838,0.124828,10.1695,0.350322,-0.026783,0.008046,0.905224,0.111573,9.1525,0.170324,0.007603,-0.005209,0.915836,0.08361,7.1186,0.055618,0.018215,-0.033172,success,,2026-04-16 06:57:01
642,lAgwMGRvJrM,knowledge_astronomy_long,video_mme,Knowledge,Astronomy,long,1803.0,1803.0,0.934406,0.092353,8.8235,0.026093,0.910887,0.099318,7.1186,-0.08408,-0.023519,0.006965,0.927745,0.096379,8.1356,0.000476,-0.006661,0.004026,0.927971,0.096262,9.1525,-0.077805,-0.006435,0.003909,success,,2026-04-16 06:59:06
643,Ei-TcECJVXU,knowledge_astronomy_long,video_mme,Knowledge,Astronomy,long,2663.0,2663.0,0.899559,0.136354,7.7536,-0.074145,0.893403,0.151874,11.1864,-0.166715,-0.006156,0.01552,0.879894,0.132904,9.1525,0.093724,-0.019665,-0.00345,0.860196,0.171931,13.2203,-0.00663,-0.039363,0.035577,success,,2026-04-16 07:02:21
624,mAwgdX5VxGc,knowledge_biology_medicine_long,video_mme,Knowledge,Biology & Medicine,long,2118.0,2118.0,0.960155,0.051565,4.0529,0.215756,0.943867,0.11153,5.0847,0.10625,-0.016288,0.059965,0.949589,0.119019,4.0678,0.103004,-0.010566,0.067454,0.912633,0.119666,4.0678,0.032159,-0.047522,0.068101,success,,2026-04-16 07:10:23
821,c03YTDzmsK8,life_record_handicraft_long,video_mme,Life Record,Handicraft,long,2370.0,2370.0,0.921797,0.049788,7.9274,0.327,0.894988,0.056881,9.1525,0.228368,-0.026809,0.007093,0.907776,0.08044,8.1356,0.099136,-0.014021,0.030652,0.922636,0.076403,5.0847,0.116218,0.000839,0.026615,success,,2026-04-16 07:14:38
822,3MJNKd10kxM,life_record_handicraft_long,video_mme,Life Record,Handicraft,long,1930.0,1930.0,0.922535,0.069134,6.3142,0.205456,0.930283,0.132694,6.1017,0.229193,0.007748,0.06356,0.909771,0.131118,6.1017,0.205689,-0.012764,0.061984,0.885013,0.131336,8.1356,0.070596,-0.037522,0.062202,success,,2026-04-16 07:17:51
823,vDzNVHXc66U,life_record_handicraft_long,video_mme,Life Record,Handicraft,long,1961.0,1961.0,0.894281,0.062158,8.2959,0.277511,0.895931,0.04654,8.1356,0.05629,0.00165,-0.015618,0.888844,0.059213,7.1186,0.24204,-0.005437,-0.002945,0.897303,0.055003,7.1186,0.31671,0.003022,-0.007155,success,,2026-04-16 07:20:53
831,6Pt3-NDxzRk,life_record_food_long,video_mme,Life Record,Food,long,1863.0,1863.0,0.90092,0.086924,6.8314,0.166589,0.892626,0.081233,7.1186,0.438105,-0.008294,-0.005691,0.894926,0.080547,8.1356,0.47287,-0.005994,-0.006377,0.86446,0.099823,11.1864,0.03044,-0.03646,0.012899,success,,2026-04-16 07:23:32
832,iWT0kl1k32M,life_record_food_long,video_mme,Life Record,Food,long,2032.0,2032.0,0.804667,0.16813,10.1329,0.072893,0.778694,0.160096,11.1864,0.039108,-0.025973,-0.008034,0.794354,0.154564,11.1864,-0.017218,-0.010313,-0.013566,0.815098,0.166022,10.1695,0.117135,0.010431,-0.002108,success,,2026-04-16 07:25:25
833,lw3_W5X1t54,life_record_food_long,video_mme,Life Record,Food,long,2078.0,2078.0,0.886799,0.125678,10.2552,-0.042219,0.816639,0.157954,12.2034,-0.292607,-0.07016,0.032276,0.82993,0.167982,9.1525,-0.177206,-0.056869,0.042304,0.855107,0.175253,12.2034,-0.208226,-0.031692,0.049575,success,,2026-04-16 07:27:55
861,_T2Avd3tFHc,life_record_travel_long,video_mme,Life Record,Travel,long,1844.0,1844.0,0.825666,0.129171,10.5155,0.048633,0.758287,0.17444,12.2034,-0.225248,-0.067379,0.045269,0.758737,0.185348,12.2034,-0.354284,-0.066929,0.056177,0.783431,0.180877,13.2203,0.0196,-0.042235,0.051706,success,,2026-04-16 07:30:46
862,uzyYKAPcfmE,life_record_travel_long,video_mme,Life Record,Travel,long,1809.0,1809.0,0.864321,0.149318,10.7854,-0.101587,0.811184,0.172885,14.2373,-0.059682,-0.053137,0.023567,0.808801,0.164732,12.2034,-0.076203,-0.05552,0.015414,0.811896,0.179503,14.2373,-0.235494,-0.052425,0.030185,success,,2026-04-16 07:33:01
692,TF9I1GxNdJQ,film_television_animation_long,video_mme,Film & Television,Animation,long,1841.0,1841.0,0.888468,0.097019,10.0109,0.108872,0.927493,0.085323,9.1525,0.029728,0.039025,-0.011696,0.941703,0.067061,7.1186,-0.073782,0.053235,-0.029958,0.890107,0.120251,11.1864,0.095156,0.001639,0.023232,success,,2026-04-16 09:25:04
693,dXUXfyiX2lA,film_television_animation_long,video_mme,Film & Television,Animation,long,1950.0,1950.0,0.919195,0.082144,8.8661,0.082457,0.894977,0.094379,12.2034,0.139213,-0.024218,0.012235,0.901774,0.087931,10.1695,0.233667,-0.017421,0.005787,0.914292,0.1019,9.1525,0.377257,-0.004903,0.019756,success,,2026-04-16 09:27:05
702,p84O3JAp_IM,film_television_movie_tv_show_long,video_mme,Film & Television,Movie & TV Show,long,2104.0,2104.0,0.879177,0.097117,12.0399,0.042685,0.852906,0.126873,11.1864,-0.282834,-0.026271,0.029756,0.832148,0.126975,11.1864,-0.294714,-0.047029,0.029858,0.848822,0.131984,9.1525,-0.286628,-0.030355,0.034867,success,,2026-04-16 09:28:18
703,HP_J8x9lsUg,film_television_movie_tv_show_long,video_mme,Film & Television,Movie & TV Show,long,2645.0,2645.0,0.868986,0.113893,10.3026,0.004147,0.798551,0.147246,10.1695,0.242395,-0.070435,0.033353,0.799933,0.134221,11.1864,-0.05301,-0.069053,0.020328,0.839841,0.13854,11.1864,0.245799,-0.029145,0.024647,success,,2026-04-16 09:31:34
711,XOfeqRgaF1A,film_television_documentary_long,video_mme,Film & Television,Documentary,long,2545.0,2545.0,0.894348,0.128151,9.5519,0.004811,0.845425,0.157959,14.2373,0.224558,-0.048923,0.029808,0.850139,0.165838,15.2542,0.302486,-0.044209,0.037687,0.851283,0.152009,14.2373,0.096829,-0.043065,0.023858,success,,2026-04-16 09:34:07
712,GDzuMTvHnJE,film_television_documentary_long,video_mme,Film & Television,Documentary,long,2665.0,2665.0,0.853005,0.133795,11.6667,-0.118318,0.832828,0.15424,12.2034,-0.191621,-0.020177,0.020445,0.777704,0.161237,12.2034,-0.124439,-0.075301,0.027442,0.878442,0.137165,12.2034,-0.171597,0.025437,0.00337,success,,2026-04-16 09:37:22
713,y4-CnqfK3pk,film_television_documentary_long,video_mme,Film & Television,Documentary,long,2545.0,2545.0,0.912001,0.100682,8.75,0.089027,0.809446,0.141243,13.2203,-0.107605,-0.102555,0.040561,0.817785,0.148819,12.2034,-0.011693,-0.094216,0.048137,0.85694,0.127791,14.2373,-0.024043,-0.055061,0.027109,success,,2026-04-16 09:39:59
721,qd2ivr-5oEM,film_television_news_report_long,video_mme,Film & Television,News Report,long,2656.0,2656.0,0.918321,0.118838,8.452,0.007995,0.822097,0.188138,12.2034,-0.030636,-0.096224,0.0693,0.928197,0.118417,6.1017,0.182531,0.009876,-0.000421,0.916056,0.130468,7.1186,0.108036,-0.002265,0.01163,success,,2026-04-16 09:43:55
722,54H8ppxnp8I,film_television_news_report_long,video_mme,Film & Television,News Report,long,2128.0,2128.0,0.942342,0.088044,4.6827,0.130784,0.822549,0.20084,14.2373,0.027883,-0.119793,0.112796,0.854521,0.172729,13.2203,-0.098373,-0.087821,0.084685,0.877788,0.152647,10.1695,-0.029238,-0.064554,0.064603,success,,2026-04-16 09:46:04
723,n5DXniZGkME,film_television_news_report_long,video_mme,Film & Television,News Report,long,2700.0,2700.0,0.919908,0.119629,7.0471,-0.03768,0.903465,0.142846,9.1525,-0.165738,-0.016443,0.023217,0.903144,0.1506,8.1356,-0.05124,-0.016764,0.030971,0.900231,0.113752,11.1864,0.106354,-0.019677,-0.005877,success,,2026-04-16 09:48:50
404,4aPxxE345OM,film_television_movie_tv_show_medium,video_mme,Film & Television,Movie & TV Show,medium,312.0,312.0,0.876004,0.112199,10.2251,0.016182,0.882491,0.09455,10.1695,-0.043925,0.006487,-0.017649,0.867956,0.108425,10.1695,-0.225098,-0.008048,-0.003774,0.849987,0.120361,12.2034,-0.357438,-0.026017,0.008162,success,,2026-04-16 09:52:49
864,VFntoBRGF1A,life_record_travel_long,video_mme,Life Record,Travel,long,2416.0,2416.0,0.828402,0.132412,10.7329,0.072082,0.783124,0.120769,13.2203,0.06328,-0.045278,-0.011643,0.777179,0.138686,8.1356,0.232009,-0.051223,0.006274,0.807181,0.101737,7.1186,0.113257,-0.021221,-0.030675,success,,2026-04-16 09:56:06
854,E83XxGvEPtI,life_record_daily_life_long,video_mme,Life Record,Daily Life,long,1995.0,1995.0,0.907605,0.078625,7.4323,0.360648,0.903127,0.093055,7.1186,0.272828,-0.004478,0.01443,0.906317,0.065277,11.1864,0.549458,-0.001288,-0.013348,0.937627,0.063016,7.1186,0.567882,0.030022,-0.015609,success,,2026-04-16 09:58:59
855,vzfTpidE5wg,life_record_daily_life_long,video_mme,Life Record,Daily Life,long,1987.0,0.0,,,,,,,,,,,,,,,,,,,,,,,success,,2026-04-16 09:59:08
856,3HEYqZgC4ko,life_record_daily_life_long,video_mme,Life Record,Daily Life,long,1879.0,1879.0,0.910192,0.081919,7.6358,0.238207,0.931622,0.054533,6.1017,-0.045795,0.02143,-0.027386,0.936172,0.056965,7.1186,0.076941,0.02598,-0.024954,0.91805,0.089808,6.1017,0.080075,0.007858,0.007889,success,,2026-04-16 10:01:52
694,Sp2nxlrQ89w,film_television_animation_long,video_mme,Film & Television,Animation,long,1926.0,1926.0,0.900395,0.087233,8.6649,0.048111,0.916895,0.071471,10.1695,0.070996,0.0165,-0.015762,0.892882,0.079858,9.1525,-0.066558,-0.007513,-0.007375,0.912805,0.062937,7.1186,0.006943,0.01241,-0.024296,success,,2026-04-16 10:03:49
704,HTv4z899xgA,film_television_movie_tv_show_long,video_mme,Film & Television,Movie & TV Show,long,2859.0,2859.0,0.876937,0.108872,10.14,0.029028,0.874591,0.09255,11.1864,0.11877,-0.002346,-0.016322,0.866768,0.087433,10.1695,0.056743,-0.010169,-0.021439,0.858112,0.119844,13.2203,-0.094486,-0.018825,0.010972,success,,2026-04-16 10:06:56
